{
  "ssim_mean": 0.5225631951644667,
  "ssim_std": 0.1552837289542349,
  "lpips_mean": 0.22082617026699503,
  "lpips_std": 0.11111745448286707,
  "n_val_samples": 5067,
  "feat_dim": 128,
  "invernet_epochs": 30,
  "skipped": false,
  "method": "H_vq_K256",
  "seed": 43,
  "took_s": 1076.6416718959808
}