{
  "ssim_mean": 0.5277662286608426,
  "ssim_std": 0.1490877648833241,
  "lpips_mean": 0.21232142195087908,
  "lpips_std": 0.10344179776330338,
  "n_val_samples": 5067,
  "feat_dim": 128,
  "invernet_epochs": 30,
  "skipped": false,
  "method": "H_vq_K256",
  "seed": 42,
  "took_s": 1085.4866881370544
}